nume_actiune,timestamp,thread
isCandidat,26-05-2020 19:22:04,19
loadCandidati,26-05-2020 19:22:04,19
findFacultate,26-05-2020 19:22:05,19
loadFacultati,26-05-2020 19:22:05,19
findExamen,26-05-2020 19:22:05,19
loadExamene,26-05-2020 19:22:05,19
loadCandidati,26-05-2020 19:22:05,19
findExamen,26-05-2020 19:22:05,19
loadExamene,26-05-2020 19:22:05,19
loadCandidati,26-05-2020 19:22:05,19
findFacultate,26-05-2020 19:22:05,19
loadFacultati,26-05-2020 19:22:05,19
findExamen,26-05-2020 19:22:05,19
loadExamene,26-05-2020 19:22:05,19
loadCandidati,26-05-2020 19:22:05,19
findExamen,26-05-2020 19:22:05,19
loadExamene,26-05-2020 19:22:05,19
loadCandidati,26-05-2020 19:22:05,19
findFacultate,26-05-2020 19:22:05,19
loadFacultati,26-05-2020 19:22:05,19
findExamen,26-05-2020 19:22:05,19
loadExamene,26-05-2020 19:22:05,19
loadCandidati,26-05-2020 19:22:05,19
findExamen,26-05-2020 19:22:05,19
loadExamene,26-05-2020 19:22:05,19
loadCandidati,26-05-2020 19:22:05,19
findFacultate,26-05-2020 19:22:05,19
loadFacultati,26-05-2020 19:22:05,19
findExamen,26-05-2020 19:22:05,19
loadExamene,26-05-2020 19:22:05,19
loadCandidati,26-05-2020 19:22:05,19
findExamen,26-05-2020 19:22:05,19
loadExamene,26-05-2020 19:22:05,19
loadCandidati,26-05-2020 19:22:05,19
findFacultate,26-05-2020 19:22:05,19
loadFacultati,26-05-2020 19:22:05,19
findExamen,26-05-2020 19:22:05,19
loadExamene,26-05-2020 19:22:05,19
loadCandidati,26-05-2020 19:22:05,19
findExamen,26-05-2020 19:22:05,19
loadExamene,26-05-2020 19:22:05,19
loadCandidati,26-05-2020 19:22:05,19
findFacultate,26-05-2020 19:22:05,19
loadFacultati,26-05-2020 19:22:05,19
findExamen,26-05-2020 19:22:05,19
loadExamene,26-05-2020 19:22:05,19
loadCandidati,26-05-2020 19:22:05,19
findExamen,26-05-2020 19:22:05,19
loadExamene,26-05-2020 19:22:05,19
loadCandidati,26-05-2020 19:22:05,19
addCandidat,27-05-2020 10:15:15,20
isProfesor,27-05-2020 10:15:39,20
loadProfesori,27-05-2020 10:15:39,20
isProfesor,27-05-2020 10:15:43,20
loadProfesori,27-05-2020 10:15:43,20
findFacultate,27-05-2020 10:15:48,20
loadFacultati,27-05-2020 10:15:48,20
findExamen,27-05-2020 10:15:48,20
loadExamene,27-05-2020 10:15:48,20
loadCandidati,27-05-2020 10:15:48,20
findExamen,27-05-2020 10:15:48,20
loadExamene,27-05-2020 10:15:48,20
loadCandidati,27-05-2020 10:15:48,20
changeCandidat,27-05-2020 10:16:07,20
loadCandidati,27-05-2020 10:16:07,20
findFacultate,27-05-2020 10:16:07,20
loadFacultati,27-05-2020 10:16:07,20
findExamen,27-05-2020 10:16:07,20
loadExamene,27-05-2020 10:16:07,20
loadCandidati,27-05-2020 10:16:07,20
findExamen,27-05-2020 10:16:07,20
loadExamene,27-05-2020 10:16:07,20
loadCandidati,27-05-2020 10:16:07,20
findFacultate,27-05-2020 10:16:07,20
loadFacultati,27-05-2020 10:16:07,20
findExamen,27-05-2020 10:16:07,20
loadExamene,27-05-2020 10:16:07,20
loadCandidati,27-05-2020 10:16:07,20
findExamen,27-05-2020 10:16:07,20
loadExamene,27-05-2020 10:16:07,20
loadCandidati,27-05-2020 10:16:07,20
findFacultate,27-05-2020 10:16:09,20
loadFacultati,27-05-2020 10:16:09,20
findExamen,27-05-2020 10:16:09,20
loadExamene,27-05-2020 10:16:09,20
loadCandidati,27-05-2020 10:16:09,20
findExamen,27-05-2020 10:16:09,20
loadExamene,27-05-2020 10:16:09,20
loadCandidati,27-05-2020 10:16:09,20
isProfesor,27-05-2020 10:21:50,20
loadProfesori,27-05-2020 10:21:50,20
isProfesor,27-05-2020 10:21:55,20
loadProfesori,27-05-2020 10:21:55,20
isProfesor,27-05-2020 10:22:02,20
loadProfesori,27-05-2020 10:22:02,20
isProfesor,27-05-2020 10:22:36,20
loadProfesori,27-05-2020 10:22:36,20
isProfesor,27-05-2020 10:22:45,20
loadProfesori,27-05-2020 10:22:45,20
isProfesor,27-05-2020 10:22:48,20
loadProfesori,27-05-2020 10:22:48,20
isProfesor,27-05-2020 10:22:56,20
loadProfesori,27-05-2020 10:22:56,20
findFacultate,27-05-2020 10:23:02,20
loadFacultati,27-05-2020 10:23:02,20
findExamen,27-05-2020 10:23:02,20
loadExamene,27-05-2020 10:23:02,20
loadCandidati,27-05-2020 10:23:02,20
findExamen,27-05-2020 10:23:02,20
loadExamene,27-05-2020 10:23:02,20
loadCandidati,27-05-2020 10:23:02,20
findFacultate,27-05-2020 10:23:06,20
loadFacultati,27-05-2020 10:23:06,20
findExamen,27-05-2020 10:23:06,20
loadExamene,27-05-2020 10:23:06,20
loadCandidati,27-05-2020 10:23:06,20
findExamen,27-05-2020 10:23:06,20
loadExamene,27-05-2020 10:23:06,20
loadCandidati,27-05-2020 10:23:06,20
changeFacultate,27-05-2020 10:23:15,20
loadFacultati,27-05-2020 10:23:15,20
findExamen,27-05-2020 10:23:15,20
loadExamene,27-05-2020 10:23:15,20
loadCandidati,27-05-2020 10:23:15,20
findExamen,27-05-2020 10:23:15,20
loadExamene,27-05-2020 10:23:15,20
loadCandidati,27-05-2020 10:23:15,20
findFacultate,27-05-2020 10:23:15,20
loadFacultati,27-05-2020 10:23:15,20
findExamen,27-05-2020 10:23:15,20
loadExamene,27-05-2020 10:23:15,20
loadCandidati,27-05-2020 10:23:15,20
findExamen,27-05-2020 10:23:15,20
loadExamene,27-05-2020 10:23:15,20
loadCandidati,27-05-2020 10:23:15,20
findFacultate,27-05-2020 10:23:15,20
loadFacultati,27-05-2020 10:23:15,20
findExamen,27-05-2020 10:23:15,20
loadExamene,27-05-2020 10:23:15,20
loadCandidati,27-05-2020 10:23:15,20
findExamen,27-05-2020 10:23:15,20
loadExamene,27-05-2020 10:23:15,20
loadCandidati,27-05-2020 10:23:15,20
findFacultate,27-05-2020 10:23:16,20
loadFacultati,27-05-2020 10:23:16,20
findExamen,27-05-2020 10:23:16,20
loadExamene,27-05-2020 10:23:16,20
loadCandidati,27-05-2020 10:23:16,20
findExamen,27-05-2020 10:23:16,20
loadExamene,27-05-2020 10:23:16,20
loadCandidati,27-05-2020 10:23:16,20
findExamen,27-05-2020 10:23:28,20
loadExamene,27-05-2020 10:23:28,20
changeExamen,27-05-2020 10:23:55,20
loadExamene,27-05-2020 10:23:55,20
findFacultate,27-05-2020 10:23:55,20
loadFacultati,27-05-2020 10:23:55,20
findExamen,27-05-2020 10:23:55,20
loadExamene,27-05-2020 10:23:55,20
loadCandidati,27-05-2020 10:23:55,20
findExamen,27-05-2020 10:23:55,20
loadExamene,27-05-2020 10:23:55,20
loadCandidati,27-05-2020 10:23:55,20
findFacultate,27-05-2020 10:23:55,20
loadFacultati,27-05-2020 10:23:55,20
findExamen,27-05-2020 10:23:55,20
loadExamene,27-05-2020 10:23:55,20
loadCandidati,27-05-2020 10:23:55,20
findExamen,27-05-2020 10:23:55,20
loadExamene,27-05-2020 10:23:55,20
loadCandidati,27-05-2020 10:23:55,20
findFacultate,27-05-2020 10:23:56,20
loadFacultati,27-05-2020 10:23:56,20
findExamen,27-05-2020 10:23:56,20
loadExamene,27-05-2020 10:23:56,20
loadCandidati,27-05-2020 10:23:56,20
findExamen,27-05-2020 10:23:56,20
loadExamene,27-05-2020 10:23:56,20
loadCandidati,27-05-2020 10:23:56,20
isCandidat,27-05-2020 10:25:03,19
loadCandidati,27-05-2020 10:25:03,19
findFacultate,27-05-2020 10:25:04,19
loadFacultati,27-05-2020 10:25:04,19
findExamen,27-05-2020 10:25:04,19
loadExamene,27-05-2020 10:25:04,19
loadCandidati,27-05-2020 10:25:04,19
findExamen,27-05-2020 10:25:04,19
loadExamene,27-05-2020 10:25:04,19
loadCandidati,27-05-2020 10:25:04,19
findFacultate,27-05-2020 10:25:04,19
loadFacultati,27-05-2020 10:25:04,19
findExamen,27-05-2020 10:25:04,19
loadExamene,27-05-2020 10:25:04,19
loadCandidati,27-05-2020 10:25:04,19
findExamen,27-05-2020 10:25:04,19
loadExamene,27-05-2020 10:25:04,19
loadCandidati,27-05-2020 10:25:04,19
findFacultate,27-05-2020 10:25:05,19
loadFacultati,27-05-2020 10:25:05,19
findExamen,27-05-2020 10:25:05,19
loadExamene,27-05-2020 10:25:05,19
loadCandidati,27-05-2020 10:25:05,19
findExamen,27-05-2020 10:25:05,19
loadExamene,27-05-2020 10:25:05,19
loadCandidati,27-05-2020 10:25:05,19
findFacultate,27-05-2020 10:25:05,19
loadFacultati,27-05-2020 10:25:05,19
findExamen,27-05-2020 10:25:05,19
loadExamene,27-05-2020 10:25:05,19
loadCandidati,27-05-2020 10:25:05,19
findExamen,27-05-2020 10:25:05,19
loadExamene,27-05-2020 10:25:05,19
loadCandidati,27-05-2020 10:25:05,19
findFacultate,27-05-2020 10:25:05,19
loadFacultati,27-05-2020 10:25:05,19
findExamen,27-05-2020 10:25:05,19
loadExamene,27-05-2020 10:25:05,19
loadCandidati,27-05-2020 10:25:05,19
findExamen,27-05-2020 10:25:05,19
loadExamene,27-05-2020 10:25:05,19
loadCandidati,27-05-2020 10:25:05,19
findFacultate,27-05-2020 10:25:05,19
loadFacultati,27-05-2020 10:25:05,19
findExamen,27-05-2020 10:25:05,19
loadExamene,27-05-2020 10:25:05,19
loadCandidati,27-05-2020 10:25:05,19
findExamen,27-05-2020 10:25:05,19
loadExamene,27-05-2020 10:25:05,19
loadCandidati,27-05-2020 10:25:05,19
isCandidat,27-05-2020 10:29:25,20
loadCandidati,27-05-2020 10:29:25,20
findFacultate,27-05-2020 10:29:27,20
loadFacultati,27-05-2020 10:29:27,20
findExamen,27-05-2020 10:29:27,20
loadExamene,27-05-2020 10:29:27,20
loadCandidati,27-05-2020 10:29:27,20
findExamen,27-05-2020 10:29:27,20
loadExamene,27-05-2020 10:29:27,20
loadCandidati,27-05-2020 10:29:27,20
findFacultate,27-05-2020 10:29:27,20
loadFacultati,27-05-2020 10:29:27,20
findExamen,27-05-2020 10:29:27,20
loadExamene,27-05-2020 10:29:27,20
loadCandidati,27-05-2020 10:29:27,20
findExamen,27-05-2020 10:29:27,20
loadExamene,27-05-2020 10:29:27,20
loadCandidati,27-05-2020 10:29:27,20
findFacultate,27-05-2020 10:29:27,20
loadFacultati,27-05-2020 10:29:27,20
findExamen,27-05-2020 10:29:27,20
loadExamene,27-05-2020 10:29:27,20
loadCandidati,27-05-2020 10:29:27,20
findExamen,27-05-2020 10:29:27,20
loadExamene,27-05-2020 10:29:27,20
loadCandidati,27-05-2020 10:29:27,20
findFacultate,27-05-2020 10:29:27,20
loadFacultati,27-05-2020 10:29:27,20
findExamen,27-05-2020 10:29:27,20
loadExamene,27-05-2020 10:29:27,20
loadCandidati,27-05-2020 10:29:27,20
findExamen,27-05-2020 10:29:27,20
loadExamene,27-05-2020 10:29:27,20
loadCandidati,27-05-2020 10:29:27,20
findFacultate,27-05-2020 10:29:27,20
loadFacultati,27-05-2020 10:29:27,20
findExamen,27-05-2020 10:29:27,20
loadExamene,27-05-2020 10:29:27,20
loadCandidati,27-05-2020 10:29:27,20
findExamen,27-05-2020 10:29:27,20
loadExamene,27-05-2020 10:29:27,20
loadCandidati,27-05-2020 10:29:27,20
findFacultate,27-05-2020 10:29:27,20
loadFacultati,27-05-2020 10:29:27,20
findExamen,27-05-2020 10:29:27,20
loadExamene,27-05-2020 10:29:27,20
loadCandidati,27-05-2020 10:29:27,20
findExamen,27-05-2020 10:29:27,20
loadExamene,27-05-2020 10:29:27,20
loadCandidati,27-05-2020 10:29:27,20
isProfesor,27-05-2020 10:29:56,19
loadProfesori,27-05-2020 10:29:56,19
findFacultate,27-05-2020 10:29:59,19
loadFacultati,27-05-2020 10:29:59,19
findExamen,27-05-2020 10:29:59,19
loadExamene,27-05-2020 10:29:59,19
loadCandidati,27-05-2020 10:29:59,19
findExamen,27-05-2020 10:29:59,19
loadExamene,27-05-2020 10:29:59,19
loadCandidati,27-05-2020 10:29:59,19
changeFacultate,27-05-2020 10:30:03,19
loadFacultati,27-05-2020 10:30:03,19
findExamen,27-05-2020 10:30:03,19
loadExamene,27-05-2020 10:30:03,19
loadCandidati,27-05-2020 10:30:03,19
findExamen,27-05-2020 10:30:03,19
loadExamene,27-05-2020 10:30:03,19
loadCandidati,27-05-2020 10:30:03,19
findFacultate,27-05-2020 10:30:03,19
loadFacultati,27-05-2020 10:30:03,19
findExamen,27-05-2020 10:30:03,19
loadExamene,27-05-2020 10:30:03,19
loadCandidati,27-05-2020 10:30:03,19
findExamen,27-05-2020 10:30:03,19
loadExamene,27-05-2020 10:30:03,19
loadCandidati,27-05-2020 10:30:03,19
findFacultate,27-05-2020 10:30:03,19
loadFacultati,27-05-2020 10:30:03,19
findExamen,27-05-2020 10:30:03,19
loadExamene,27-05-2020 10:30:03,19
loadCandidati,27-05-2020 10:30:03,19
findExamen,27-05-2020 10:30:03,19
loadExamene,27-05-2020 10:30:03,19
loadCandidati,27-05-2020 10:30:03,19
findFacultate,27-05-2020 10:30:05,19
loadFacultati,27-05-2020 10:30:05,19
findExamen,27-05-2020 10:30:05,19
loadExamene,27-05-2020 10:30:05,19
loadCandidati,27-05-2020 10:30:05,19
findExamen,27-05-2020 10:30:05,19
loadExamene,27-05-2020 10:30:05,19
loadCandidati,27-05-2020 10:30:05,19
isProfesor,23-06-2022 16:21:55,18
loadProfesori,23-06-2022 16:21:55,18
isProfesor,23-06-2022 16:22:08,18
loadProfesori,23-06-2022 16:22:08,18
isProfesor,23-06-2022 16:22:18,18
loadProfesori,23-06-2022 16:22:18,18
isProfesor,23-06-2022 16:22:25,18
loadProfesori,23-06-2022 16:22:25,18
isProfesor,23-06-2022 16:22:37,18
loadProfesori,23-06-2022 16:22:37,18
isProfesor,23-06-2022 16:27:33,20
loadProfesori,23-06-2022 16:27:33,20
isProfesor,23-06-2022 16:27:41,20
loadProfesori,23-06-2022 16:27:41,20
findFacultate,23-06-2022 16:31:45,20
loadFacultati,23-06-2022 16:31:45,20
findExamen,23-06-2022 16:31:45,20
loadExamene,23-06-2022 16:31:45,20
loadCandidati,23-06-2022 16:31:45,20
findExamen,23-06-2022 16:31:45,20
loadExamene,23-06-2022 16:31:45,20
loadCandidati,23-06-2022 16:31:45,20
changeFacultate,23-06-2022 16:32:00,20
loadFacultati,23-06-2022 16:32:00,20
findExamen,23-06-2022 16:32:00,20
loadExamene,23-06-2022 16:32:00,20
loadCandidati,23-06-2022 16:32:00,20
findExamen,23-06-2022 16:32:00,20
loadExamene,23-06-2022 16:32:00,20
loadCandidati,23-06-2022 16:32:00,20
findFacultate,23-06-2022 16:32:00,20
loadFacultati,23-06-2022 16:32:00,20
findExamen,23-06-2022 16:32:00,20
loadExamene,23-06-2022 16:32:00,20
loadCandidati,23-06-2022 16:32:00,20
findExamen,23-06-2022 16:32:00,20
loadExamene,23-06-2022 16:32:00,20
loadCandidati,23-06-2022 16:32:00,20
findFacultate,23-06-2022 16:32:00,20
loadFacultati,23-06-2022 16:32:00,20
findExamen,23-06-2022 16:32:00,20
loadExamene,23-06-2022 16:32:00,20
loadCandidati,23-06-2022 16:32:00,20
findExamen,23-06-2022 16:32:00,20
loadExamene,23-06-2022 16:32:00,20
loadCandidati,23-06-2022 16:32:00,20
changeFacultate,23-06-2022 16:32:11,20
loadFacultati,23-06-2022 16:32:11,20
findExamen,23-06-2022 16:32:11,20
loadExamene,23-06-2022 16:32:11,20
loadCandidati,23-06-2022 16:32:12,20
findExamen,23-06-2022 16:32:12,20
loadExamene,23-06-2022 16:32:12,20
loadCandidati,23-06-2022 16:32:12,20
findFacultate,23-06-2022 16:32:12,20
loadFacultati,23-06-2022 16:32:12,20
findExamen,23-06-2022 16:32:12,20
loadExamene,23-06-2022 16:32:12,20
loadCandidati,23-06-2022 16:32:12,20
findExamen,23-06-2022 16:32:12,20
loadExamene,23-06-2022 16:32:12,20
loadCandidati,23-06-2022 16:32:12,20
findFacultate,23-06-2022 16:32:12,20
loadFacultati,23-06-2022 16:32:12,20
findExamen,23-06-2022 16:32:12,20
loadExamene,23-06-2022 16:32:12,20
loadCandidati,23-06-2022 16:32:12,20
findExamen,23-06-2022 16:32:12,20
loadExamene,23-06-2022 16:32:12,20
loadCandidati,23-06-2022 16:32:12,20
changeFacultate,23-06-2022 16:32:21,20
loadFacultati,23-06-2022 16:32:21,20
findExamen,23-06-2022 16:32:21,20
loadExamene,23-06-2022 16:32:21,20
loadCandidati,23-06-2022 16:32:21,20
findExamen,23-06-2022 16:32:21,20
loadExamene,23-06-2022 16:32:21,20
loadCandidati,23-06-2022 16:32:21,20
findFacultate,23-06-2022 16:32:21,20
loadFacultati,23-06-2022 16:32:21,20
findExamen,23-06-2022 16:32:21,20
loadExamene,23-06-2022 16:32:21,20
loadCandidati,23-06-2022 16:32:21,20
findExamen,23-06-2022 16:32:21,20
loadExamene,23-06-2022 16:32:21,20
loadCandidati,23-06-2022 16:32:21,20
findFacultate,23-06-2022 16:32:21,20
loadFacultati,23-06-2022 16:32:21,20
findExamen,23-06-2022 16:32:21,20
loadExamene,23-06-2022 16:32:21,20
loadCandidati,23-06-2022 16:32:21,20
findExamen,23-06-2022 16:32:21,20
loadExamene,23-06-2022 16:32:21,20
loadCandidati,23-06-2022 16:32:21,20
findFacultate,23-06-2022 16:32:24,20
loadFacultati,23-06-2022 16:32:24,20
findExamen,23-06-2022 16:32:24,20
loadExamene,23-06-2022 16:32:24,20
loadCandidati,23-06-2022 16:32:24,20
findExamen,23-06-2022 16:32:24,20
loadExamene,23-06-2022 16:32:24,20
loadCandidati,23-06-2022 16:32:24,20
changeFacultate,23-06-2022 16:32:34,20
loadFacultati,23-06-2022 16:32:34,20
findExamen,23-06-2022 16:32:34,20
loadExamene,23-06-2022 16:32:34,20
loadCandidati,23-06-2022 16:32:34,20
findExamen,23-06-2022 16:32:34,20
loadExamene,23-06-2022 16:32:34,20
loadCandidati,23-06-2022 16:32:34,20
findFacultate,23-06-2022 16:32:34,20
loadFacultati,23-06-2022 16:32:34,20
findExamen,23-06-2022 16:32:34,20
loadExamene,23-06-2022 16:32:34,20
loadCandidati,23-06-2022 16:32:34,20
findExamen,23-06-2022 16:32:34,20
loadExamene,23-06-2022 16:32:34,20
loadCandidati,23-06-2022 16:32:34,20
findFacultate,23-06-2022 16:32:34,20
loadFacultati,23-06-2022 16:32:34,20
findExamen,23-06-2022 16:32:34,20
loadExamene,23-06-2022 16:32:34,20
loadCandidati,23-06-2022 16:32:34,20
findExamen,23-06-2022 16:32:34,20
loadExamene,23-06-2022 16:32:34,20
loadCandidati,23-06-2022 16:32:34,20
changeFacultate,23-06-2022 16:35:03,20
loadFacultati,23-06-2022 16:35:03,20
findExamen,23-06-2022 16:35:03,20
loadExamene,23-06-2022 16:35:03,20
loadCandidati,23-06-2022 16:35:03,20
findExamen,23-06-2022 16:35:03,20
loadExamene,23-06-2022 16:35:03,20
loadCandidati,23-06-2022 16:35:03,20
findFacultate,23-06-2022 16:35:03,20
loadFacultati,23-06-2022 16:35:03,20
findExamen,23-06-2022 16:35:03,20
loadExamene,23-06-2022 16:35:03,20
loadCandidati,23-06-2022 16:35:03,20
findExamen,23-06-2022 16:35:03,20
loadExamene,23-06-2022 16:35:03,20
loadCandidati,23-06-2022 16:35:03,20
findFacultate,23-06-2022 16:35:03,20
loadFacultati,23-06-2022 16:35:03,20
findExamen,23-06-2022 16:35:03,20
loadExamene,23-06-2022 16:35:03,20
loadCandidati,23-06-2022 16:35:03,20
findExamen,23-06-2022 16:35:03,20
loadExamene,23-06-2022 16:35:03,20
loadCandidati,23-06-2022 16:35:03,20
isProfesor,23-06-2022 16:45:32,18
loadProfesori,23-06-2022 16:45:32,18
findFacultate,23-06-2022 16:45:38,18
loadFacultati,23-06-2022 16:45:38,18
findExamen,23-06-2022 16:45:38,18
loadExamene,23-06-2022 16:45:38,18
loadCandidati,23-06-2022 16:45:38,18
findExamen,23-06-2022 16:45:38,18
loadExamene,23-06-2022 16:45:38,18
loadCandidati,23-06-2022 16:45:38,18
findFacultate,23-06-2022 16:45:53,18
loadFacultati,23-06-2022 16:45:53,18
findExamen,23-06-2022 16:45:53,18
loadExamene,23-06-2022 16:45:53,18
loadCandidati,23-06-2022 16:45:53,18
findExamen,23-06-2022 16:45:53,18
loadExamene,23-06-2022 16:45:53,18
loadCandidati,23-06-2022 16:45:53,18
findFacultate,23-06-2022 16:46:07,18
loadFacultati,23-06-2022 16:46:07,18
findExamen,23-06-2022 16:46:07,18
loadExamene,23-06-2022 16:46:07,18
loadCandidati,23-06-2022 16:46:07,18
findExamen,23-06-2022 16:46:07,18
loadExamene,23-06-2022 16:46:07,18
loadCandidati,23-06-2022 16:46:07,18
findExamen,23-06-2022 16:46:11,18
loadExamene,23-06-2022 16:46:11,18
findFacultate,23-06-2022 16:46:16,18
loadFacultati,23-06-2022 16:46:16,18
findExamen,23-06-2022 16:46:16,18
loadExamene,23-06-2022 16:46:16,18
loadCandidati,23-06-2022 16:46:16,18
findExamen,23-06-2022 16:46:16,18
loadExamene,23-06-2022 16:46:16,18
loadCandidati,23-06-2022 16:46:16,18
changeCandidat,23-06-2022 16:46:38,18
loadCandidati,23-06-2022 16:46:38,18
findFacultate,23-06-2022 16:46:38,18
loadFacultati,23-06-2022 16:46:38,18
findExamen,23-06-2022 16:46:38,18
loadExamene,23-06-2022 16:46:38,18
loadCandidati,23-06-2022 16:46:38,18
findExamen,23-06-2022 16:46:38,18
loadExamene,23-06-2022 16:46:38,18
loadCandidati,23-06-2022 16:46:38,18
findFacultate,23-06-2022 16:46:38,18
loadFacultati,23-06-2022 16:46:38,18
findExamen,23-06-2022 16:46:38,18
loadExamene,23-06-2022 16:46:38,18
loadCandidati,23-06-2022 16:46:38,18
findExamen,23-06-2022 16:46:38,18
loadExamene,23-06-2022 16:46:38,18
loadCandidati,23-06-2022 16:46:38,18
findFacultate,23-06-2022 16:46:40,18
loadFacultati,23-06-2022 16:46:40,18
findExamen,23-06-2022 16:46:40,18
loadExamene,23-06-2022 16:46:40,18
loadCandidati,23-06-2022 16:46:40,18
findExamen,23-06-2022 16:46:40,18
loadExamene,23-06-2022 16:46:40,18
loadCandidati,23-06-2022 16:46:40,18
isCandidat,23-06-2022 16:50:12,18
loadCandidati,23-06-2022 16:50:12,18
findFacultate,23-06-2022 16:50:14,18
loadFacultati,23-06-2022 16:50:14,18
findExamen,23-06-2022 16:50:14,18
loadExamene,23-06-2022 16:50:14,18
loadCandidati,23-06-2022 16:50:14,18
findExamen,23-06-2022 16:50:14,18
loadExamene,23-06-2022 16:50:14,18
loadCandidati,23-06-2022 16:50:14,18
findFacultate,23-06-2022 16:50:14,18
loadFacultati,23-06-2022 16:50:14,18
findExamen,23-06-2022 16:50:14,18
loadExamene,23-06-2022 16:50:14,18
loadCandidati,23-06-2022 16:50:14,18
findExamen,23-06-2022 16:50:14,18
loadExamene,23-06-2022 16:50:14,18
loadCandidati,23-06-2022 16:50:14,18
findFacultate,23-06-2022 16:50:14,18
loadFacultati,23-06-2022 16:50:14,18
findExamen,23-06-2022 16:50:14,18
loadExamene,23-06-2022 16:50:14,18
loadCandidati,23-06-2022 16:50:14,18
findExamen,23-06-2022 16:50:14,18
loadExamene,23-06-2022 16:50:14,18
loadCandidati,23-06-2022 16:50:14,18
findFacultate,23-06-2022 16:50:14,18
loadFacultati,23-06-2022 16:50:14,18
findExamen,23-06-2022 16:50:14,18
loadExamene,23-06-2022 16:50:14,18
loadCandidati,23-06-2022 16:50:14,18
findExamen,23-06-2022 16:50:14,18
loadExamene,23-06-2022 16:50:14,18
loadCandidati,23-06-2022 16:50:14,18
findFacultate,23-06-2022 16:50:14,18
loadFacultati,23-06-2022 16:50:14,18
findExamen,23-06-2022 16:50:14,18
loadExamene,23-06-2022 16:50:14,18
loadCandidati,23-06-2022 16:50:14,18
findExamen,23-06-2022 16:50:14,18
loadExamene,23-06-2022 16:50:14,18
loadCandidati,23-06-2022 16:50:14,18
findFacultate,23-06-2022 16:50:14,18
loadFacultati,23-06-2022 16:50:14,18
findExamen,23-06-2022 16:50:14,18
loadExamene,23-06-2022 16:50:14,18
loadCandidati,23-06-2022 16:50:14,18
findExamen,23-06-2022 16:50:14,18
loadExamene,23-06-2022 16:50:14,18
loadCandidati,23-06-2022 16:50:14,18
isCandidat,23-06-2022 16:59:20,18
loadCandidati,23-06-2022 16:59:20,18
findFacultate,23-06-2022 16:59:22,18
loadFacultati,23-06-2022 16:59:22,18
findExamen,23-06-2022 16:59:22,18
loadExamene,23-06-2022 16:59:22,18
loadCandidati,23-06-2022 16:59:22,18
findExamen,23-06-2022 16:59:22,18
loadExamene,23-06-2022 16:59:22,18
loadCandidati,23-06-2022 16:59:22,18
findFacultate,23-06-2022 16:59:22,18
loadFacultati,23-06-2022 16:59:22,18
findExamen,23-06-2022 16:59:22,18
loadExamene,23-06-2022 16:59:22,18
loadCandidati,23-06-2022 16:59:22,18
findExamen,23-06-2022 16:59:22,18
loadExamene,23-06-2022 16:59:22,18
loadCandidati,23-06-2022 16:59:22,18
findFacultate,23-06-2022 16:59:22,18
loadFacultati,23-06-2022 16:59:22,18
findExamen,23-06-2022 16:59:22,18
loadExamene,23-06-2022 16:59:22,18
loadCandidati,23-06-2022 16:59:22,18
findExamen,23-06-2022 16:59:22,18
loadExamene,23-06-2022 16:59:22,18
loadCandidati,23-06-2022 16:59:22,18
findFacultate,23-06-2022 16:59:22,18
loadFacultati,23-06-2022 16:59:22,18
findExamen,23-06-2022 16:59:22,18
loadExamene,23-06-2022 16:59:22,18
loadCandidati,23-06-2022 16:59:22,18
findExamen,23-06-2022 16:59:22,18
loadExamene,23-06-2022 16:59:22,18
loadCandidati,23-06-2022 16:59:22,18
findFacultate,23-06-2022 16:59:22,18
loadFacultati,23-06-2022 16:59:22,18
findExamen,23-06-2022 16:59:22,18
loadExamene,23-06-2022 16:59:22,18
loadCandidati,23-06-2022 16:59:22,18
findExamen,23-06-2022 16:59:22,18
loadExamene,23-06-2022 16:59:22,18
loadCandidati,23-06-2022 16:59:22,18
findFacultate,23-06-2022 16:59:22,18
loadFacultati,23-06-2022 16:59:22,18
findExamen,23-06-2022 16:59:22,18
loadExamene,23-06-2022 16:59:22,18
loadCandidati,23-06-2022 16:59:22,18
findExamen,23-06-2022 16:59:22,18
loadExamene,23-06-2022 16:59:22,18
loadCandidati,23-06-2022 16:59:22,18
isCandidat,23-06-2022 17:02:42,18
loadCandidati,23-06-2022 17:02:42,18
isCandidat,23-06-2022 17:02:51,18
loadCandidati,23-06-2022 17:02:51,18
isCandidat,23-06-2022 17:03:04,18
loadCandidati,23-06-2022 17:03:04,18
isCandidat,23-06-2022 17:03:22,18
loadCandidati,23-06-2022 17:03:22,18
isCandidat,23-06-2022 17:03:38,18
loadCandidati,23-06-2022 17:03:38,18
findFacultate,23-06-2022 17:03:40,18
loadFacultati,23-06-2022 17:03:40,18
findExamen,23-06-2022 17:03:40,18
loadExamene,23-06-2022 17:03:40,18
loadCandidati,23-06-2022 17:03:40,18
findExamen,23-06-2022 17:03:40,18
loadExamene,23-06-2022 17:03:40,18
loadCandidati,23-06-2022 17:03:40,18
findFacultate,23-06-2022 17:03:40,18
loadFacultati,23-06-2022 17:03:40,18
findExamen,23-06-2022 17:03:40,18
loadExamene,23-06-2022 17:03:40,18
loadCandidati,23-06-2022 17:03:40,18
findExamen,23-06-2022 17:03:40,18
loadExamene,23-06-2022 17:03:40,18
loadCandidati,23-06-2022 17:03:40,18
findFacultate,23-06-2022 17:03:40,18
loadFacultati,23-06-2022 17:03:40,18
findExamen,23-06-2022 17:03:40,18
loadExamene,23-06-2022 17:03:40,18
loadCandidati,23-06-2022 17:03:40,18
findExamen,23-06-2022 17:03:40,18
loadExamene,23-06-2022 17:03:40,18
loadCandidati,23-06-2022 17:03:40,18
findFacultate,23-06-2022 17:03:40,18
loadFacultati,23-06-2022 17:03:40,18
findExamen,23-06-2022 17:03:40,18
loadExamene,23-06-2022 17:03:40,18
loadCandidati,23-06-2022 17:03:40,18
findExamen,23-06-2022 17:03:40,18
loadExamene,23-06-2022 17:03:40,18
loadCandidati,23-06-2022 17:03:40,18
findFacultate,23-06-2022 17:03:40,18
loadFacultati,23-06-2022 17:03:40,18
findExamen,23-06-2022 17:03:40,18
loadExamene,23-06-2022 17:03:40,18
loadCandidati,23-06-2022 17:03:40,18
findExamen,23-06-2022 17:03:40,18
loadExamene,23-06-2022 17:03:40,18
loadCandidati,23-06-2022 17:03:40,18
findFacultate,23-06-2022 17:03:40,18
loadFacultati,23-06-2022 17:03:40,18
findExamen,23-06-2022 17:03:40,18
loadExamene,23-06-2022 17:03:40,18
loadCandidati,23-06-2022 17:03:40,18
findExamen,23-06-2022 17:03:40,18
loadExamene,23-06-2022 17:03:40,18
loadCandidati,23-06-2022 17:03:40,18
isCandidat,23-06-2022 17:05:16,20
loadCandidati,23-06-2022 17:05:16,20
findFacultate,23-06-2022 17:05:18,20
loadFacultati,23-06-2022 17:05:18,20
findExamen,23-06-2022 17:05:18,20
loadExamene,23-06-2022 17:05:18,20
loadCandidati,23-06-2022 17:05:18,20
findExamen,23-06-2022 17:05:18,20
loadExamene,23-06-2022 17:05:18,20
loadCandidati,23-06-2022 17:05:18,20
findFacultate,23-06-2022 17:05:18,20
loadFacultati,23-06-2022 17:05:18,20
findExamen,23-06-2022 17:05:18,20
loadExamene,23-06-2022 17:05:18,20
loadCandidati,23-06-2022 17:05:18,20
findExamen,23-06-2022 17:05:18,20
loadExamene,23-06-2022 17:05:18,20
loadCandidati,23-06-2022 17:05:18,20
findFacultate,23-06-2022 17:05:18,20
loadFacultati,23-06-2022 17:05:18,20
findExamen,23-06-2022 17:05:18,20
loadExamene,23-06-2022 17:05:18,20
loadCandidati,23-06-2022 17:05:18,20
findExamen,23-06-2022 17:05:18,20
loadExamene,23-06-2022 17:05:18,20
loadCandidati,23-06-2022 17:05:18,20
findFacultate,23-06-2022 17:05:18,20
loadFacultati,23-06-2022 17:05:18,20
findExamen,23-06-2022 17:05:18,20
loadExamene,23-06-2022 17:05:18,20
loadCandidati,23-06-2022 17:05:18,20
findExamen,23-06-2022 17:05:18,20
loadExamene,23-06-2022 17:05:18,20
loadCandidati,23-06-2022 17:05:18,20
findFacultate,23-06-2022 17:05:18,20
loadFacultati,23-06-2022 17:05:18,20
findExamen,23-06-2022 17:05:18,20
loadExamene,23-06-2022 17:05:18,20
loadCandidati,23-06-2022 17:05:18,20
findExamen,23-06-2022 17:05:18,20
loadExamene,23-06-2022 17:05:18,20
loadCandidati,23-06-2022 17:05:18,20
findFacultate,23-06-2022 17:05:18,20
loadFacultati,23-06-2022 17:05:18,20
findExamen,23-06-2022 17:05:18,20
loadExamene,23-06-2022 17:05:18,20
loadCandidati,23-06-2022 17:05:18,20
findExamen,23-06-2022 17:05:18,20
loadExamene,23-06-2022 17:05:18,20
loadCandidati,23-06-2022 17:05:18,20
isProfesor,24-06-2022 11:39:11,18
loadProfesori,24-06-2022 11:39:11,18
isProfesor,24-06-2022 11:39:33,18
loadProfesori,24-06-2022 11:39:33,18
findFacultate,24-06-2022 11:39:43,18
loadFacultati,24-06-2022 11:39:43,18
findExamen,24-06-2022 11:39:43,18
loadExamene,24-06-2022 11:39:43,18
loadCandidati,24-06-2022 11:39:43,18
findExamen,24-06-2022 11:39:43,18
loadExamene,24-06-2022 11:39:43,18
loadCandidati,24-06-2022 11:39:43,18
findExamen,24-06-2022 11:39:46,18
loadExamene,24-06-2022 11:39:46,18
findFacultate,24-06-2022 11:39:52,18
loadFacultati,24-06-2022 11:39:52,18
findExamen,24-06-2022 11:39:52,18
loadExamene,24-06-2022 11:39:52,18
loadCandidati,24-06-2022 11:39:52,18
findExamen,24-06-2022 11:39:52,18
loadExamene,24-06-2022 11:39:52,18
loadCandidati,24-06-2022 11:39:52,18
isCandidat,24-06-2022 11:40:28,18
loadCandidati,24-06-2022 11:40:28,18
findFacultate,24-06-2022 11:40:30,18
loadFacultati,24-06-2022 11:40:30,18
findExamen,24-06-2022 11:40:30,18
loadExamene,24-06-2022 11:40:30,18
loadCandidati,24-06-2022 11:40:30,18
findExamen,24-06-2022 11:40:30,18
loadExamene,24-06-2022 11:40:30,18
loadCandidati,24-06-2022 11:40:30,18
findFacultate,24-06-2022 11:40:30,18
loadFacultati,24-06-2022 11:40:30,18
findExamen,24-06-2022 11:40:30,18
loadExamene,24-06-2022 11:40:30,18
loadCandidati,24-06-2022 11:40:30,18
findExamen,24-06-2022 11:40:30,18
loadExamene,24-06-2022 11:40:30,18
loadCandidati,24-06-2022 11:40:30,18
findFacultate,24-06-2022 11:40:30,18
loadFacultati,24-06-2022 11:40:30,18
findExamen,24-06-2022 11:40:30,18
loadExamene,24-06-2022 11:40:30,18
loadCandidati,24-06-2022 11:40:30,18
findExamen,24-06-2022 11:40:30,18
loadExamene,24-06-2022 11:40:30,18
loadCandidati,24-06-2022 11:40:30,18
findFacultate,24-06-2022 11:40:30,18
loadFacultati,24-06-2022 11:40:30,18
findExamen,24-06-2022 11:40:30,18
loadExamene,24-06-2022 11:40:30,18
loadCandidati,24-06-2022 11:40:30,18
findExamen,24-06-2022 11:40:30,18
loadExamene,24-06-2022 11:40:30,18
loadCandidati,24-06-2022 11:40:30,18
findFacultate,24-06-2022 11:40:30,18
loadFacultati,24-06-2022 11:40:30,18
findExamen,24-06-2022 11:40:30,18
loadExamene,24-06-2022 11:40:30,18
loadCandidati,24-06-2022 11:40:30,18
findExamen,24-06-2022 11:40:30,18
loadExamene,24-06-2022 11:40:30,18
loadCandidati,24-06-2022 11:40:30,18
findFacultate,24-06-2022 11:40:30,18
loadFacultati,24-06-2022 11:40:30,18
findExamen,24-06-2022 11:40:30,18
loadExamene,24-06-2022 11:40:30,18
loadCandidati,24-06-2022 11:40:30,18
findExamen,24-06-2022 11:40:30,18
loadExamene,24-06-2022 11:40:30,18
loadCandidati,24-06-2022 11:40:30,18
addCandidat,24-06-2022 11:45:07,18
isCandidat,24-06-2022 11:45:58,18
loadCandidati,24-06-2022 11:45:58,18
findFacultate,24-06-2022 11:46:00,18
loadFacultati,24-06-2022 11:46:00,18
findExamen,24-06-2022 11:46:00,18
loadExamene,24-06-2022 11:46:00,18
loadCandidati,24-06-2022 11:46:00,18
findExamen,24-06-2022 11:46:00,18
loadExamene,24-06-2022 11:46:00,18
loadCandidati,24-06-2022 11:46:00,18
findFacultate,24-06-2022 11:46:00,18
loadFacultati,24-06-2022 11:46:00,18
findExamen,24-06-2022 11:46:00,18
loadExamene,24-06-2022 11:46:00,18
loadCandidati,24-06-2022 11:46:00,18
findExamen,24-06-2022 11:46:00,18
loadExamene,24-06-2022 11:46:00,18
loadCandidati,24-06-2022 11:46:00,18
findFacultate,24-06-2022 11:46:00,18
loadFacultati,24-06-2022 11:46:00,18
findExamen,24-06-2022 11:46:00,18
loadExamene,24-06-2022 11:46:00,18
loadCandidati,24-06-2022 11:46:00,18
findExamen,24-06-2022 11:46:00,18
loadExamene,24-06-2022 11:46:00,18
loadCandidati,24-06-2022 11:46:00,18
findFacultate,24-06-2022 11:46:00,18
loadFacultati,24-06-2022 11:46:00,18
findExamen,24-06-2022 11:46:00,18
loadExamene,24-06-2022 11:46:00,18
loadCandidati,24-06-2022 11:46:00,18
findExamen,24-06-2022 11:46:00,18
loadExamene,24-06-2022 11:46:00,18
loadCandidati,24-06-2022 11:46:00,18
findFacultate,24-06-2022 11:46:00,18
loadFacultati,24-06-2022 11:46:00,18
findExamen,24-06-2022 11:46:00,18
loadExamene,24-06-2022 11:46:00,18
loadCandidati,24-06-2022 11:46:00,18
findExamen,24-06-2022 11:46:00,18
loadExamene,24-06-2022 11:46:00,18
loadCandidati,24-06-2022 11:46:00,18
findFacultate,24-06-2022 11:46:00,18
loadFacultati,24-06-2022 11:46:00,18
findExamen,24-06-2022 11:46:00,18
loadExamene,24-06-2022 11:46:00,18
loadCandidati,24-06-2022 11:46:00,18
findExamen,24-06-2022 11:46:00,18
loadExamene,24-06-2022 11:46:00,18
loadCandidati,24-06-2022 11:46:00,18
isProfesor,24-06-2022 11:46:15,18
loadProfesori,24-06-2022 11:46:15,18
findFacultate,24-06-2022 11:46:21,18
loadFacultati,24-06-2022 11:46:21,18
findExamen,24-06-2022 11:46:21,18
loadExamene,24-06-2022 11:46:21,18
loadCandidati,24-06-2022 11:46:21,18
findExamen,24-06-2022 11:46:21,18
loadExamene,24-06-2022 11:46:21,18
loadCandidati,24-06-2022 11:46:21,18
changeCandidat,24-06-2022 11:46:34,18
loadCandidati,24-06-2022 11:46:34,18
findFacultate,24-06-2022 11:46:34,18
loadFacultati,24-06-2022 11:46:34,18
findExamen,24-06-2022 11:46:34,18
loadExamene,24-06-2022 11:46:34,18
loadCandidati,24-06-2022 11:46:34,18
findExamen,24-06-2022 11:46:34,18
loadExamene,24-06-2022 11:46:34,18
loadCandidati,24-06-2022 11:46:34,18
findFacultate,24-06-2022 11:46:34,18
loadFacultati,24-06-2022 11:46:34,18
findExamen,24-06-2022 11:46:34,18
loadExamene,24-06-2022 11:46:34,18
loadCandidati,24-06-2022 11:46:34,18
findExamen,24-06-2022 11:46:34,18
loadExamene,24-06-2022 11:46:34,18
loadCandidati,24-06-2022 11:46:34,18
findFacultate,24-06-2022 11:46:35,18
loadFacultati,24-06-2022 11:46:35,18
findExamen,24-06-2022 11:46:35,18
loadExamene,24-06-2022 11:46:35,18
loadCandidati,24-06-2022 11:46:35,18
findExamen,24-06-2022 11:46:35,18
loadExamene,24-06-2022 11:46:35,18
loadCandidati,24-06-2022 11:46:35,18
